{"xmean": [8.403103916238797, 9.262959811960824, 14.884196687114564, 11.554601134661048, 46.52484882561427, 28.74599903041686, 17.338234532190718], "xstd": [9.625072867214042, 9.939018195295523, 10.194739238883644, 11.65560184347987, 14.116450081494266, 10.869414211526523, 10.392341631668893], "normalized": true, "ibands": ["1", "2", "3", "4", "5", "6", "7"], "classes": ["manmade", "soil", "vegetation", "water"], "hidden_layers": [64, 64, 64, 64]}