{"xmean": [10.007388855186719, 10.953180658886476, 15.248930109776582, 13.6178219304741, 37.4466316490342, 26.949902669567418, 21.298465132093906], "xstd": [12.239192374629626, 12.981677310509154, 13.631235701258857, 15.504374191188564, 21.583794804378527, 18.40056791879087, 16.99800766137756], "normalized": true, "ibands": ["1", "2", "3", "4", "5", "6", "7"], "classes": ["manmade", "rock", "soil", "vegetation", "water"], "hidden_layers": [64, 64, 64, 64]}